{"0":-1.0872086176,"1":0.7175268061,"2":2.7337004514,"3":-0.7476062967,"4":-0.2451131764}
{"0":0.0292702877,"1":0.1274644114,"2":-1.8444598384,"3":1.4577909241,"4":0.8757115172}
{"0":0.4445104312,"1":-1.410970653,"2":-0.8251235995,"3":0.843566798,"4":0.248924512}
{"0":1.1462070723,"1":-0.2542350856,"2":-0.0288975676,"3":-0.8952000842,"4":-1.7131457384}
{"0":-2.3964306799,"1":-0.1482495524,"2":-0.1399619003,"3":1.1557725709,"4":0.2985316804}
{"0":-1.6482386509,"1":-0.0332684232,"2":-0.0970808464,"3":-2.1302271881,"4":1.5090249584}
{"0":0.7904578265,"1":0.4641534605,"2":-0.4270762891,"3":-1.7062608682,"4":-0.1099263099}
{"0":0.1881503038,"1":-0.6586231159,"2":0.5306170091,"3":-1.7936242893,"4":0.0533331687}
{"0":-0.1415050214,"1":0.7792996462,"2":0.5571167856,"3":0.7382844237,"4":-0.7195958298}
{"0":-0.7994981412,"1":-0.2443175242,"2":-0.723286509,"3":-2.2724958127,"4":-0.1555704621}
